Date,XIU,VFV,XEF,ZAG,GLD,RY
2024-07-09,-0.0029940119760479833,0.000668101848415148,-0.004527296937416603,-0.0022091310751104487,0.0016957697419679452,0.003663339133620269
2024-07-10,0.01501501501501501,0.009421364985163105,0.012306046013911276,0.0014760147601475815,0.0036603221083455484,0.01067615658362997
2024-07-11,0.007988165680473447,-0.007055192180495218,0.004492600422832949,0.0029476787030213725,0.017733406272793628,-0.004423979776092546
2024-07-12,0.00528324038743766,0.0058470875582858906,0.010523546435148523,0.0022042615723734116,-0.0006270996640537208,0.008524530697379129
2024-07-15,0.0032116788321168155,0.004709345106695961,-0.0057276750846133595,-0.0007331378299120228,0.0032271077047196783,-0.0035967988490243075
2024-07-16,0.010477299185098987,0.006298520580049871,0.00445142707515056,0.003668378576669129,0.01992583657239866,-0.0024366031946574385
2024-07-17,-0.004608294930875445,-0.012299854439592361,-0.0028675703858185297,0.0,-0.004643216960883101,0.013298353537181118
2024-07-18,-0.00491898148148151,-0.005526490310220344,-0.007058823529411895,-0.0007309941520468044,-0.006381199665537074,0.000624944201410571
2024-07-19,-0.0011631288165163678,-0.006446354475400207,-0.005002632964718257,-0.001463057790782707,-0.01793781557268137,-0.008476088508208468
2024-07-22,0.007569141193595197,0.012081437840256504,0.011643291876157758,-0.002930402930403031,0.00031569927389174524,0.0042292810222261945
2024-07-23,-0.0031782721756717924,0.0005894922997566887,-0.0039236201935651804,0.0022042615723734116,0.0035166816952210134,-0.009767025089605585
2024-07-24,-0.006956521739130528,-0.020620075115987846,-0.009191176470588314,0.0,-0.0035043579836463445,-0.0018097909691431324
2024-07-25,-0.0002918855808522469,-0.004210842920520319,-0.005300821627352126,0.0007331378299120228,-0.01564472497745717,-0.006527060103345139
2024-07-26,0.009051094890510925,0.010873669108208084,0.013322675193178757,0.00366300366300365,0.010534511977281946,0.009854913769504536
2024-07-29,-0.0014467592592594114,0.004855456786434731,-0.002892453326321265,0.0021897810218978186,-0.0014050673072565356,-0.0040661425860667455
2024-07-30,0.0031874818893073975,-0.007136485280999194,0.002373417721518889,0.0007283321194464509,0.009985475671750343,0.008346942478679065
2024-07-31,0.012131715771230622,0.01220425277029058,0.009471191791633693,0.004366812227074357,0.018110731619629616,0.005398596364944996
2024-08-01,-0.016267123287671215,-0.009616095865078833,-0.020589001824341868,0.005797101449275477,-0.0034429485764732037,-0.016735278324682246
2024-08-02,-0.021177835799245592,-0.018522667861677444,-0.01596593932943058,0.006484149855907839,-0.0019045931700403251,-0.021935014107581807
2024-08-06,-0.010966212211025672,-0.02587322121604141,-0.02595997836668451,-0.010021474588403745,-0.020591106771989054,-0.002233389168062483
2024-08-07,-0.0017980221756066506,-0.009921099914069198,0.0005552470849528035,0.0,-0.0006796556411416965,0.0014922589069203962
2024-08-08,0.016511558090663403,0.021697964336437003,0.01720310765815758,-0.001446131597975353,0.01568805259578321,0.012572173589122881
2024-08-09,0.003839338452451324,0.006023631168430077,0.0030005455537371883,0.004344677769732019,0.0024552475335923862,0.003678837487353981
2024-08-12,0.001765225066195697,-0.00015352728947581884,0.0002719608376393623,0.00216294160057684,0.017144638403989942,-0.00797214331531193
2024-08-13,0.010279001468428861,0.015124760076775434,0.014953779227841135,0.003597122302158251,-0.0015323322096230108,0.011269166820617071
2024-08-14,0.006395348837209269,0.0049160490092270415,0.0037503348513259205,0.0014336917562725038,-0.00815574848724021,0.0081293386919985
2024-08-15,0.012709416522241668,0.016181229773462924,0.013077128369362256,-0.0028632784538297207,0.0031388152077806986,0.003080547250158494
2024-08-16,0.0008556759840274708,-0.000962820322915281,0.0013171759747101497,0.0,0.022387730818386187,0.009935868485231758
2024-08-19,0.0028498147620403813,0.0055600859959967774,0.009471191791633693,0.0,-0.0016380016380016515,0.008675431535640765
2024-08-20,-0.003694231315714558,-0.0016219404305514162,-0.0031274433150898506,0.002153625269203152,0.003669962436855023,-0.001773364071643968
2024-08-21,0.0031374786081004302,0.0020676414119036313,0.006274509803921635,0.002865329512893977,-0.0013335627634861735,0.0031977260614672876
2024-08-22,-0.0028433323855558967,-0.008843036109064006,-0.004416731618602232,-0.004285714285714337,-0.011975016153349172,0.0035417035594120794
2024-08-23,0.010265183917878451,0.005353159851301026,0.010438413361169019,0.0028694404591105283,0.011553385359898805,0.01923416269631195
2024-08-26,0.002540220152413397,-0.006212098801952393,-0.0064566115702479054,0.0,0.0031893802258424753,0.0013850415512466352
2024-08-27,-0.011261261261261368,-0.0006697425212085495,0.0025994281258123753,-0.0007153075822603494,0.0027066506272555024,0.006224066390041472
2024-08-28,-0.004271070615034178,-0.0020850398391540903,-0.002333419756287314,-0.0035790980672870676,-0.00702686490423754,0.020962199312714702
2024-08-29,0.004575350300257464,-0.000447727781508811,0.0036382536382537634,-0.005028735632183978,0.005177993527508029,0.0030292830696734274
2024-08-30,0.006262453743239416,0.009331840238895106,0.0018125323666493554,-0.0007220216606498298,-0.007125992702296635,0.013255033557046936
2024-09-03,-0.01046676096181054,-0.01582840236686378,-0.011113982941328482,0.004335260115607031,-0.004323576462449741,0.0004967709885743687
2024-09-04,0.0,-0.003457087028408301,-0.006272869837950723,0.0057553956834532904,0.0006079291328324743,0.010261502813637913
2024-09-05,-0.0017152658662090703,-0.004977375565610842,0.0005260389268804122,0.0,0.008332248405155562,-0.0048328964613368885
2024-09-06,-0.0074455899198169195,-0.011899348188570524,-0.014984227129337557,0.0007153075822603494,-0.007402625349687941,-0.004609432875133712
2024-09-09,0.012117714945181879,0.009588095420725695,0.00934080597811593,0.0021443888491778917,0.00420587087542823,0.016951955676837827
2024-09-10,-0.002850627137970352,0.009117155447500247,0.0005288207297726721,0.004279600570613384,0.004404145077720356,-0.005773296470970912
2024-09-11,0.009433962264151052,0.009185363650052736,0.0023784355179703454,-0.0021306818181817677,-0.001590576906542851,0.008260407295330063
2024-09-12,0.009345794392523255,0.006714413607878278,0.009227524387028785,0.000711743772241924,0.01756727664155,0.0055158987670342885
2024-09-13,0.003928170594837299,0.006891951978657218,0.0036572622779520447,0.0014224751066855834,0.009943722760546558,-0.002984833817360366
2024-09-16,0.006148686416992621,0.0013247957606536964,0.007548152004164477,0.0042613636363637575,-8.379420144133398e-05,-0.0021037300752488886
2024-09-17,-0.0022222222222221255,0.0006615214994485363,-0.005424954792043413,-0.0028288543140029265,-0.005530880750858946,-0.003810913808481309
2024-09-18,-0.0038975501113586164,0.0,-0.0002597402597401821,-0.0028368794326240065,-0.00771045757141664,-0.002441803678984167
2024-09-19,0.011458915595304653,0.011752607609813559,0.014549233567160202,0.0007112375533429027,0.01554074136979322,0.004079634464752013
2024-09-20,0.0002763194252557444,-0.0012342093799914133,-0.008962868117797562,0.000710732054015617,0.012710624242170843,-0.009263773768893202
2024-09-23,0.001933701657458542,-0.0018899469361052246,-0.0005167958656331351,-0.0007102272727272929,0.0019404648858427631,0.010006561679789971
2024-09-24,0.0005514199062583991,-0.0029859442138227,0.0007755946225440624,0.0,0.013969012691610327,0.0042228357966542784
2024-09-25,-0.0022044640396803317,0.00153396639883141,-0.0025833118057350113,-0.002132196162046962,-0.0013817206485959854,-0.000889535824033616
2024-09-26,0.005247169290251152,0.004011377725913423,0.02175602175602176,-0.0014245014245013454,0.005086883978350221,0.008012950222582083
2024-09-27,-0.0016483516483515315,-0.0014528548597994018,-0.003041825095057127,0.0021398002853068032,-0.007935865252247098,-0.0022482736470210707
2024-09-30,0.00165107319757829,0.005092390513603773,-0.004830917874396046,-0.000711743772242146,-0.007999346992082268,0.003782391759214576
2024-10-01,0.001098901098901095,-0.011870295309785672,-0.007409299948901382,-0.0007122507122506727,0.010491236731671183,-0.007456105187204409
2024-10-02,-0.0013721185510426892,0.0006592440668033994,-0.0023166023166023564,-0.0035637918745544672,0.00020357477301402582,-0.0073505654281098565
2024-10-03,-0.002198406155537236,0.0027816411682892728,-0.004643962848297156,-0.005007153075822668,-0.0006920133517869242,-0.012206037920091117
2024-10-04,0.008262186725420007,0.010146726038396947,0.006998444790046632,-0.006470165348670065,-0.001996007984031989,0.008485048191778644
2024-10-07,-0.002185195301830034,-0.005708917473623343,-0.002574002574002643,-0.0021707670043416005,-0.0033877551020408125,-0.00539127593530464
2024-10-08,-0.00027374760470844084,0.012500908496257068,0.0005161290322581724,0.0007251631617115617,-0.007371913011426368,0.0004106438896189779
2024-10-09,0.005750273822562768,0.011628741655301145,0.005158627805003757,-0.0007246376811594901,-0.005446218591409813,0.003776373039980241
2024-10-10,0.0035393411380344464,7.095721280059308e-05,0.0,0.002175489485134241,0.007342874922215303,-0.006542896867588133
2024-10-11,0.006511123168746691,0.007095217823187117,0.0066717988196047795,0.0007235890014472002,0.010913433819289997,0.01909936609862517
2024-10-15,-0.0016172506738545422,0.0019022122023391042,-0.011470813153198978,0.006507592190889255,0.001833217908502105,0.005008482106793721
2024-10-16,0.005669546436285033,0.0021095562899935416,0.0,0.001436781609195359,0.005001626545217963,0.013664496423117178
2024-10-17,0.0061744966442951466,0.0037892077748931108,0.0036101083032491488,-0.0028694404591104172,0.005988266235079864,0.0028546507017683798
2024-10-18,0.004268943436499528,0.004054526389374313,0.0066803699897224345,0.0014388489208632116,0.01061818766842304,-0.003320945678817133
2024-10-21,-0.004250797024442199,-0.00013924667548548264,-0.009954058192955584,-0.005028735632183978,-0.00019898913519322825,-0.008409361364537848
2024-10-22,-0.0008004268943434534,-0.0007659633730242588,-0.005671564836297938,-0.0007220216606498298,0.01078735769445105,0.0008000640051204488
2024-10-23,-0.004539385847797117,-0.008432055749128975,-0.009333679025149033,-0.0028901734104045396,-0.012050565116370704,0.000719481972979441
2024-10-24,-0.0013412017167383494,0.0041464614519644005,0.005234231876471984,0.0036231884057971175,0.007693227568063232,-0.013181019332161759
2024-10-25,-0.0037604082728980304,0.0018896976483764316,-0.0007810466024471552,-0.0021660649819493782,0.0020569620253163556,-0.008661863514935697
2024-10-28,0.0053922890266917545,0.002514844568634267,0.008337675872850392,0.0007235890014472002,3.9475761882235005e-05,0.012820512820512775
2024-10-29,-0.0008045052292839916,0.0034840777646156784,-0.0015503875968992942,0.000723065798987621,0.01089488019579199,-0.004515036684673124
2024-10-30,-0.0021470746108427363,-0.004235816957155691,-0.007505175983436807,-0.0021676300578034047,0.0055058768401734515,0.0008909046731999659
2024-10-31,-0.013717052178590539,-0.01722454672245466,-0.003911342894393655,0.002896451846488013,-0.015495145631068019,-0.02176727625829422
2024-11-01,0.003272429779110908,0.006882849641665967,0.003664921465968529,-0.002888086642599208,-0.004102402272099681,0.007444784514848202
2024-11-04,-0.00027181299266099135,-0.007047216349541974,-0.002869066249348129,0.0014482259232440065,0.0014259119895434491,0.0039412102799900595
2024-11-05,0.005981511691136365,0.007381121362668441,0.005231493591420389,0.000723065798987621,0.0022544792943874903,0.007197186554346979
2024-11-06,0.011081081081081079,0.03247851204734409,-0.005984907624251856,-0.0014450867052022698,-0.0303867403314918,-0.003491676816889999
2024-11-07,0.0072173215717723505,0.002661207778914987,0.009162303664921323,0.00723589001447178,0.016076516076516167,0.014911994784876148
2024-11-08,-0.002123142250530785,0.007894378657955503,-0.010894941634241095,0.00287356321839094,-0.00676947726817545,-0.00738659173022882
2024-11-11,0.0026595744680850686,0.0011478730587441976,0.0028848675583530436,-0.0014326647564470996,-0.023471527665752667,0.003316347164927791
2024-11-12,0.007692307692307665,-0.00094422337627309,-0.016997907949790725,-0.0035868005738880493,-0.00863137028165517,-0.0012092873266689175
2024-11-13,0.003948407475651505,0.003780463106730636,-0.0015961691939345712,-0.003599712023038215,-0.010081233076442486,-0.00597304060053272
2024-11-14,0.0015731515469323831,-0.0016140964422625137,0.005595523581135131,0.0014450867052022698,-0.0026090981778394973,-0.006171335769386999
2024-11-15,-0.006020942408377028,-0.01030650050522064,-0.0010598834128245915,0.0,-0.0017720771275473446,-0.007516953999509801
2024-11-18,0.0015801948907032681,-0.002041927579635061,-0.0005305039787799615,-0.0007215007215006786,0.019020245995181595,0.007903185971845028
2024-11-19,0.0007888509071785066,6.820351930159063e-05,-0.004511677282378002,-0.0036101083032490378,0.008959309801318982,0.00383892836723021
2024-11-20,0.0007882291119285512,0.001568573961672426,-0.0029325513196480912,-0.0036231884057971175,0.0056320657759507675,-0.009031733116354745
2024-11-21,0.005513258072984861,0.004970720413999707,0.0013368983957220415,-0.005090909090909146,0.008339465293107695,0.027095820674932325
2024-11-22,0.002872062663185293,0.004268581882241218,0.004272363150867653,0.002192982456140413,0.012892240330819815,-7.994244144216012e-05
2024-11-25,-0.0015620932048944214,0.003170962083389517,0.005583621377293291,0.010211524434719177,-0.029458853666346485,-0.006076111288775277
2024-11-26,0.0013037809647977738,0.011634945187974921,0.0,0.0021660649819494893,0.0019383041900362663,-0.0013674388674387306
2024-11-27,0.00390625,-0.006648052120728609,0.0023796932839765805,0.0,0.0022226795636963725,0.009021345146999593
2024-11-29,0.0057068741893646635,0.006491768170258316,0.012134001582695841,0.01080691642651277,0.008624584171834648,0.003193102897740996
2024-12-02,-0.0010317255610009513,0.0035906642728906757,0.005473025801407294,0.0028510334996436626,-0.008754428111893864,-0.004376541736293427
2024-12-03,0.000258197779499314,0.002053932286490534,0.007776049766718529,-0.00497512437810943,0.0020128162997041787,-0.003037084398977097
2024-12-04,-0.00025813113061445847,0.005289605924358565,-0.00025720164609066565,0.004285714285714226,0.00303365719673665,0.004970338303671662
2024-12-05,0.0015491866769945517,-0.004012102078400304,0.0020581425263701547,-0.0007112375533427917,-0.007397719377120082,0.021218889597957924
2024-12-06,0.0018045888115494346,0.011226309185762284,0.008472400513478862,0.007117437722419906,0.00037058387548372096,-0.015388220590532797
2024-12-09,-0.0033453422542460975,-0.004310063344870385,0.0010183299389001643,-0.0035335689045936647,0.009919736571311066,-0.0007140023800079609
2024-12-10,-0.0038729666924863793,-0.003410506984980688,-0.008901322482197438,0.0,0.013164329964134192,-0.00031756113051750745
2024-12-11,0.00596163815448425,0.007963145771635372,0.005388760585065544,-0.004255319148936176,0.009533770465425029,0.000952986022871638
2024-12-12,-0.009275959804174172,-0.00013058239749286216,-0.004594180704441064,-0.0035612535612534746,-0.014663691424928293,-0.010790225325293501
2024-12-13,-0.004421326397919367,0.0,-0.002051282051282022,-0.0007147962830592602,-0.012091556130702119,-0.0014436958614052475
2024-12-16,-0.00470219435736674,0.004701580253363202,-0.0020554984583761593,0.0007153075822603494,0.002415162307094043,-0.0007228915662650381
2024-12-17,-0.0002624671916009458,0.0005199532042114985,0.0018022657054581614,0.0014295925661185205,-0.0038386148317542945,-0.005706936741419422
2024-12-18,-0.02257810448936748,-0.019553072625698276,-0.015677203803649453,-0.0035688793718771095,-0.019185045502992604,-0.031204527081649114
2024-12-19,-0.006446414182111115,-0.004902935135493336,-0.005221932114882422,-0.008595988538682042,0.001421048232048916,-0.0010013351134846582
2024-12-20,0.0075696134090295075,0.007856714827884748,-0.0031496062992126816,0.004335260115607031,0.01043405676126885,0.008352823254260011
2024-12-23,0.005902870941776106,0.008191847790183004,0.006055818852027439,0.0,-0.004708798017348137,0.0
2024-12-24,0.0037343291544411628,0.010287661359019706,0.004187385501177587,-0.0014388489208633226,0.0019920318725099584,0.00016567263088140827
2024-12-27,-0.0018602179112410244,-0.008237125437800086,0.005212405525149899,0.0,-0.00016567263088129724,0.0011595163160509347
2024-12-30,-0.006656017039403661,-0.016611078412137825,-0.021260046668395094,0.0007204610951008217,-0.0031897265948633846,-0.002812706816677557
2024-12-31,0.004556419190565375,-0.0034581365963956,0.001059602649006619,0.003599712023037993,0.006233636703652845,-0.0002488800398208202
2025-01-02,0.005869797225186879,-0.00026693360026686097,-0.001587721619476068,-0.001434720229555153,0.013587742122000535,-0.006887395236909732
2025-01-03,0.007427055702917684,0.015619785061077307,0.00901139676649887,-0.0021551724137930384,-0.00786406975796583,0.006266711229946598
2025-01-06,-0.002632964718272679,-0.0022346368715083775,0.0005253480430786883,0.0,-0.0012320834531193148,0.009383044092003523
2025-01-07,-0.0023759239704330692,-0.009749028390751535,0.0007876082961406627,-0.002159827213823018,0.005633455322998415,-0.0018920697597893943
2025-01-08,0.006086266207991686,0.0037916583516264257,-0.0013116474291710034,-0.0021645021645021467,0.005315668956493269,0.0028022747877689547
2025-01-10,-0.01288795370857454,-0.011795891318754137,-0.01208300499080639,-0.00795372378886472,0.009558285202960981,-0.026711596942549543
2025-01-13,-0.00799360511590741,-0.00026824034334760327,-0.0058495081095453205,-0.0036443148688046767,-0.00995125095685101,0.0029555818273940826
2025-01-14,0.0010744023636852784,-0.0026831231553529067,0.0010698047606312322,-0.002194586686174005,0.005249450638886488,-0.0011787488423002923
2025-01-15,0.009122618728199416,0.01668011837503358,0.012289607266898317,0.008064516129032251,0.007488968951139485,0.009694006575065472
2025-01-16,0.0026588673225207415,0.0033077533739085396,0.008445500131960992,0.005090909090909035,0.006910961105753843,0.0025045917515444938
2025-01-17,0.009811721028904818,0.01483581695898728,0.009683328971473282,0.0028943560057885787,-0.005307262569832383,0.003830779480346491
2025-01-21,0.00814075630252109,-0.0006497303618997474,0.011145671332296603,0.003607503607503615,0.015485216833152737,0.014103202256512182
2025-01-22,0.0007814535035166603,0.010207398738703466,0.0010253781081772662,-0.004313443565780006,0.005135701023189609,-0.00998036649214662
2025-01-23,0.006246746486205046,0.0034753507529925454,0.005889884763124353,-0.0014440433212996595,-0.0014149274849664106,0.008758882829284387
2025-01-24,0.0007759958613553497,-0.004938429964084001,0.0038187372708757827,0.004338394793926392,0.006218758609831898,0.004341415465268783
2025-01-27,-0.0018092530369604454,-0.011472768288752877,0.002536139994927744,0.005039596832253412,-0.010404850381380726,8.155941603460448e-05
2025-01-28,0.006473329880890777,0.010823498728564918,0.0005059448520110532,-0.0007163323782236608,0.008656468635123815,0.00399608546729735
2025-01-29,0.0018008747105737744,-0.002773656711604233,0.001769911504424737,0.0014336917562725038,-0.0038404263657026982,-0.008691414182438462
2025-01-30,0.012840267077555145,0.008990944372574416,0.015396264512872238,0.0014316392269146938,0.015145554681353257,0.011143887250081974
2025-01-31,-0.010141987829614618,-0.0014103468171036138,-0.00720855083271188,0.0035739814152966343,0.0019763611703158546,-0.01191247974068066
2025-02-03,-0.012038934426229497,-0.005007382679591665,-0.007511266900350422,0.0035612535612536966,0.0053372524752475226,-0.025588452390716054
2025-02-04,-0.0012963443090484583,-0.010129685786179898,-0.005802219979818446,0.002129169623846572,0.00984842655997542,-0.0010100159919199658
2025-02-05,0.010903426791277093,0.0028679442054493354,0.008627251966506044,0.003541076487252104,0.006209523809523887,0.00320161765944893
2025-02-06,-0.0010272213662043672,0.0024697777200051174,0.004025157232704357,-0.0021171489061396764,-0.002650210123802621,0.0031074158058286283
2025-02-07,-0.003856041131105381,-0.009530601659751059,-0.009020295665246758,-0.006364922206506307,0.001784155183540026,-0.0010046885465505584
2025-02-10,0.008516129032257957,0.008116776854094176,0.006321112515802696,0.0,0.016938234179613598,-0.011146496815286566
2025-02-11,0.0005117707267145999,-0.0016882020648009144,0.0035175879396984744,-0.002846975088968029,-0.003651674926407611,0.0038138825324181003
2025-02-12,-0.0038363171355498826,-0.0029268292682925745,0.0025037556334501776,-0.0049964311206281975,0.001047159579640411,-0.0005910165484632746
2025-02-13,0.006418485237484006,0.004631441617742871,0.004745254745254668,0.0050215208034434244,0.009862890873090002,0.007941201317901436
2025-02-14,-0.00867346938775515,-0.000584377637815714,0.0007457121551082135,0.0007137758743753775,-0.014871813843365,-0.002263012320844804
2025-02-18,0.006948018528049493,0.0025337837837837718,0.005961251862891315,-0.005706134094151216,0.01656089226031754,0.015540994623655768
2025-02-19,-0.002044467160746355,0.005443587583435994,-0.006172839506172867,0.0,0.0005541189508682098,-0.002812474150053812
2025-02-20,-0.0040973111395645745,-0.007154366741862761,0.0009937888198756628,-0.0028694404591104172,0.0005168912682296245,-0.007382828701783528
2025-02-21,-0.012599640010285462,-0.013892495455725684,-0.0024820054604119957,0.007194244604316502,-0.0009225432672792522,-0.006518468995487248
2025-02-24,-0.00026041666666665186,-0.0021066491112573527,0.001492908683752292,0.0014285714285713347,0.005429563418777983,-0.0026076716016151247
2025-02-25,-0.004167752018754967,-0.0013854070457844925,0.012670807453416089,0.006419400855920188,-0.01318834723191642,0.006072362317618429
2025-02-26,0.0041851948731364,0.0017837087930236972,0.0022080471050049955,0.0,0.0015263197081378799,0.001592757146449797
2025-02-27,-0.0067725970304766125,-0.008111316275388969,-0.0034271725826193755,-0.0028348688873138794,-0.01523993606660956,-0.03573819886173424
2025-02-28,0.012063991607658142,0.016754205172528458,0.002456398919184588,0.004975124378109541,-0.006265806061978685,0.025692214217515996
2025-03-03,-0.014252396994040017,-0.014974171189433227,0.012251899044351866,0.005657708628005631,0.01318038515592379,-0.011170347804011271
2025-03-04,-0.018927444794952675,-0.013143919277748162,-0.0016945049624788044,-0.0042194092827004814,0.008697608157756553,-0.03645699614890874
2025-03-05,0.0112540192926045,0.0020180277142474168,0.014548981571290032,-0.004237288135593209,0.0020813201516389768,0.02255972999378275
2025-03-06,-0.010598834128245804,-0.020945220193340552,-0.011711281070745705,-0.009219858156028327,-0.005081225428380742,-0.007730391731086583
2025-03-07,0.006963042313872458,0.010490948985189208,0.01475211608222482,0.0042949176807443035,0.0005219012115562638,0.007265406162465071
2025-03-10,-0.013031914893617103,-0.022596186469430735,-0.017874165872259318,0.002138275124732747,-0.008755914899958861,-0.018075953767272113
2025-03-11,-0.008892481810832575,-0.008678144959733403,-0.004853190973064914,-0.0014224751066856944,0.011727559765448925,-0.023541906363394927
2025-03-12,0.006797172376291405,0.0021009874641082504,0.003657644476956712,-0.004273504273504147,0.004346856888096218,0.00861053204024298
2025-03-13,-0.010261949770456469,-0.00992382416660853,-0.003158406219630594,0.0028612303290413976,0.01775607590722461,-0.02219626168224298
2025-03-14,0.016098226466575882,0.016587844991882816,0.01437972215452099,-0.002139800285306692,0.0003998109984371112,0.024630089146218115
2025-03-17,0.00859291084854985,0.0009026524093875832,0.005766458433445587,0.0042887776983560055,0.005413457346316042,0.011032379585613095
2025-03-18,-0.0037273695420660946,-0.010058966354491994,0.0,-0.000711743772242146,0.01167202688541158,-0.002129169623846683
2025-03-19,0.014965259219668514,0.014155571128241062,0.005494505494505697,0.002136752136752129,0.00410772967566797,0.015469416785206302
2025-03-20,0.0005265929436546468,-0.0043532338308457375,-0.008790686623901256,0.0,-0.0012806374728754344,-0.00358956399929955
2025-03-21,-0.003947368421052588,0.0030536470261641746,-0.0035953978906998474,-0.000710732054015617,-0.008049866429207464,-0.0018451805640981034
2025-03-24,0.014266842800528368,0.01563689199474161,-0.0033678133269184896,-0.002133712660028486,-0.004452583575711877,0.02033450704225359
2025-03-25,0.002344360510549537,-0.0005449962531506314,0.0038619357953175726,0.0,0.0044003606853022514,0.006384263652834177
2025-03-26,-0.008316008316008316,-0.011451162156635553,-0.012262563116133829,-0.004276550249465383,-0.0008259417531512048,-0.0032576082297471887
2025-03-27,-0.0002620545073375169,-0.0038612700820520596,0.003407984420642718,0.0021474588403722628,0.013405692926969692,-0.013417046529629384
2025-03-28,-0.01625163826998688,-0.01951962345123548,-0.008491023774866657,0.002142857142857002,0.007412136042841411,-0.022404323947345373
2025-03-31,0.009059419131361546,0.011648429226967849,-0.005627599706386044,0.002138275124732747,0.014363162712103028,0.0051721062957017505
2025-04-01,0.004224980195405514,-0.0034891835310537633,-0.003198818897637845,0.0035561877667140696,-0.0019782050392169737,0.008250532292406021
2025-04-02,0.01130686300289252,0.008543417366946748,0.002962231547766203,-0.002126151665485465,0.0020516743749348088,0.009414870215574078
2025-04-03,-0.03744149765990634,-0.06512984307735048,-0.03593403888752156,-0.0014204545454544748,-0.006038312048861738,0.0033995815899581228
2025-04-04,-0.04403025391680182,-0.049836601307189365,-0.05591013530763356,0.004978662873399653,-0.023392221213602404,-0.03648683867604907
2025-04-07,-0.015258547612319817,-0.0014851872117565001,-0.020551649540291983,-0.014154281670205271,-0.021485771485771687,-0.01568839599675409
2025-04-08,-0.015494978479196564,-0.015656802880851695,-0.004417448923246692,-0.001435750179468731,0.005443717803514714,-0.007419620774938185
2025-04-09,0.052171378606820085,0.08620963893749023,0.06322795341098164,-0.007189072609633307,0.03699127906976751,0.049557032115171706
2025-04-10,-0.029639889196675928,-0.04502855469322009,-0.02686489306207618,-0.0021723388848661207,0.024423575583432777,-0.03323661303086256
2025-04-11,0.023979446188980846,0.012803802806102826,0.019565800053604754,-0.0014513788098693414,0.019086711133914802,0.03019554342883124
2025-04-14,0.010872595483691017,0.00741862225586698,0.011041009463722551,0.009447674418604723,-0.005706038331151575,0.018628056855301445
2025-04-15,0.008273579702151146,0.004733994589720458,0.014820592823713064,0.0014398848092151972,0.005232420754143652,-0.0014733922690240986
2025-04-16,0.00027352297592986297,-0.02991548874429739,-0.011529592621060791,0.0021567217828899476,0.03254080193431408,0.003558718861210064
2025-04-17,0.00410172272354381,0.0,0.008812856402281133,-0.0028694404591104172,-0.004390672260708439,0.005362394049472252
2025-04-21,-0.0065359477124183885,-0.023436897694857795,-0.003597122302158251,-0.007194244604316502,0.03093558081797987,-0.008860977288368876
2025-04-22,0.014528508771929793,0.02344675140127883,0.017792676637441884,0.0036231884057971175,-0.014195633575208255,0.023956253797413396
2025-04-23,0.006484733855714797,0.02275532243134859,0.008107423359513533,-0.0014440433212996595,-0.02397865706663249,-0.0015258116470288074
2025-04-24,0.010201342281879189,0.01712044648917721,0.01080673536064336,0.002892263195950706,0.01455623250452831,-0.0010187622039222743
2025-04-25,-0.0002657454158917494,0.00726679519501694,0.0039781203381403785,0.0007209805335257613,-0.01084169182328687,0.0007648508540833987
2025-04-28,0.0045188729399257,-0.00169316843345102,0.004457652303120341,0.0014409221902016434,0.01424211597151559,0.006963315217391353
2025-04-29,0.003969304048690114,0.006341715212742294,0.0036982248520709415,0.0,-0.009738894101659734,0.011131725417439675
2025-04-30,-0.0013178703215602772,-0.001905180625778491,-0.005895357406042745,0.003597122302158251,-0.0074821930340456255,-0.00016680567139293334
2025-05-01,-0.0007917656373713777,0.01159973570222439,0.0024709661477637646,-0.0021505376344085336,-0.0207722948283241,0.0011678345011678637
2025-05-02,0.008980454305335561,0.010595834240511026,0.015775203352230704,-0.004310344827586188,0.0017481342029181945,0.010414930844859116
2025-05-05,-0.0028795811518324,-0.005888689407540393,0.001941276389225921,0.0007215007215006786,0.02986777636082949,-0.002473818751546064
2025-05-06,-0.002100288789708693,-0.0066459582460450806,-0.0029062727052554527,0.0014419610670513006,0.028023983315954126,-0.0066958750103331965
2025-05-07,0.007892659826361559,0.00516326085375618,0.00024289531212051685,0.003599712023037993,-0.014993026499302675,0.00024966711051921386
2025-05-08,0.0036543983294179405,0.011575748806250896,0.0029140359397765714,-0.005021520803443313,-0.019694288012872097,-0.002995257508944138
2025-05-09,0.002600780234070177,0.0007152052639107787,0.004842615012106588,0.0036049026676279183,0.007254702425893544,0.0037553200367186346
2025-05-12,0.008041504539558986,0.036092052601486735,0.010120481927710978,-0.0021551724137930384,-0.028190587928561994,0.004822081809112033
2025-05-13,0.0036026762738035067,0.004345726702076336,-0.0023854961832061594,-0.0007199424046075986,0.0042590294778497295,0.0077775939103095215
2025-05-14,0.004102564102564044,0.003296703296703507,-0.0016738402678144748,-0.002161383285302687,-0.021037868162692708,0.00599343185550083
2025-05-15,0.008171603677221695,0.003012048192771122,0.009580838323353325,0.006498194945848468,0.015963978714694793,0.0183628499143067
2025-05-16,0.002786220871327405,0.008872508872508789,0.0037959667852907053,-0.0007173601147776321,-0.012087026591458438,0.008334669017470597
2025-05-20,0.002020712301086025,-0.0071032336625624914,0.009454029780193718,-0.007178750897343877,0.031742794997281054,0.005245588936576118
2025-05-21,-0.009326947315351775,-0.01969067248075229,-0.00936548817607119,-0.005784526391901634,0.007378615192041638,-0.005218216318785718
2025-05-22,-0.005597964376590325,-0.0009035307200444542,-0.0009454029780193718,0.001454545454545375,-0.008861421751356957,0.005563503417580717
2025-05-23,-0.0005117707267143778,-0.015234782608695596,-0.008043529690087592,0.001452432824981864,0.02190623865923258,0.015096427442301774
2025-05-27,0.015360983102918446,0.026419892625035413,0.019317910803720473,0.006526468455402501,-0.016949152542372836,0.0033481273845674675
2025-05-28,0.0007564296520423675,-0.003991741225051748,-0.008189050070191883,0.0,-0.0022660098522166994,0.0006208288064564194
2025-05-29,-0.002771478961955176,0.00027639579878391274,0.0025949516395376016,0.0,0.005924755603831322,-0.030556848146424676
2025-05-30,-0.000757958564931771,-0.004904669798286632,-0.0037647058823528923,0.0014409221902016434,-0.006577009914596976,0.013279999999999959
2025-06-02,0.008091024020227655,0.002360291565428607,0.007794048181388735,-0.0021582733812950394,0.026581027667984092,0.009553134375493544
2025-06-03,-0.0007524454477049192,0.007548999238174314,-0.005155847199437513,-0.0007209805335255393,-0.008855520261815353,-0.002971768202080338
2025-06-04,-0.004016064257028162,-0.001993401154797847,0.0021201413427560656,0.0021645021645022577,0.00644200576219589,-0.0009412502941406053
2025-06-05,-0.0005040322580646128,-0.007920655692540857,-0.002115655853314413,-0.0007199424046075986,-0.005049855258925651,-0.0032189683598964347
2025-06-06,0.004034291477559293,0.013468480977506303,0.006360424028268419,-0.0057636887608069065,-0.01341609284582801,0.004489603024574684
2025-06-09,-0.003264691109995055,0.0005480202767502718,-0.001404494382022503,-0.0014492753623189802,0.0047185267710858625,0.0006273033795969329
2025-06-10,0.002519526329050281,0.004724085992058091,0.0007032348804500987,0.0014513788098695635,0.00029352292740192354,0.005485463521667677
2025-06-11,0.004272430258859039,-0.003202725724020472,-0.0016397282736003715,0.0007246376811593791,0.005412278699749029,-0.003351258670407642
2025-06-12,0.0022522522522521182,-0.0017090511348099025,0.002815579540122126,-0.0007241129616220032,0.012420144631449137,0.007350641226149479
2025-06-13,-0.004494382022471877,-0.012668629733616377,-0.01357042583060375,-0.0021739130434783593,0.013100576553491505,-0.008306163639186459
2025-06-16,0.0027589666415850367,0.009779442363712088,0.0030834914611006514,-0.001452432824981864,-0.01425906604698235,0.008845401174168321
2025-06-17,-0.0017508754377189018,-0.0033656157703139122,-0.007803263182785458,0.001454545454545375,0.0005131823721855611,-0.006905648665425201
2025-06-18,0.0005011275369581902,0.004410751206064933,0.006911344137273678,0.001452432824981864,-0.005385651086747489,0.0006250488319399228
2025-06-20,-0.0025043826696720117,-0.00020584602717166334,-0.00662721893491125,0.0029006526468455807,-0.0004190034164893719,-0.006090419301944094
2025-06-23,0.004519206628169625,0.010019902546153148,0.007147962830593491,0.002892263195950706,0.003063231548060541,-0.0007856076675308854
2025-06-24,0.005748562859285267,0.010532037779438896,0.010645848119233303,0.0,-0.015719429085765624,0.008884346253636322
2025-06-25,-0.006958250497017926,-0.0006724045185583227,-0.0217696629213483,-0.005046863734679108,0.003037329762565655,-0.001948254364089741
2025-06-26,0.006506506506506415,0.0018839994617143585,0.005264417324718718,0.0036231884057971175,-0.00110705912998188,0.016397282736003715
2025-06-27,-0.0012431626056687017,0.007454667562122097,0.014758390859319404,-0.002888086642599208,-0.018123736879848584,-0.003533840362602625
2025-06-30,0.006472491909385036,-0.0010665955602959798,-0.005160684963640749,0.003620564808110016,0.0119845959763627,0.0141854907100456
2025-07-02,0.0004946821667080048,0.0011344678011344644,-0.0004715868898843567,-0.004329004329004182,0.014499885181904704,-0.0028886354998101105
2025-07-03,0.006674907292954169,0.007332355685908398,-0.0004718093890069275,-0.0014492753623189802,-0.006822958771220744,0.011206830830220227
2025-07-07,-0.0014734774066798018,-0.000992588671254624,-0.004248288883644036,-0.0007256894049346707,0.0007488441752947494,-0.006106755126658481
2025-07-08,-0.003935071323167616,0.00046366827846577863,0.008295804693055242,-0.001452432824981864,-0.010443439502879182,-0.000530986877038786
2025-07-09,0.0019753086419753707,0.006355932203389925,0.007757404795486478,0.0036363636363636598,0.004471330878484947,0.0050850030358229326
2025-07-10,0.00492853622474132,0.0007236842105264873,-0.001866106834616188,-0.0021739130434783593,0.002225713537575391,0.006493996828513149
2025-07-11,-0.0036782736635605495,-0.0008546446650451456,-0.00794578172470195,-0.006535947712418277,0.009601567602874006,-0.011478730587440977
2025-07-14,0.007383706620723629,0.002434530859323658,0.0007067137809186885,0.0,-0.0036553018050073938,0.00045537340619317135
2025-07-15,-0.005863669679941452,-0.0020347883163768232,-0.008003766478342667,-0.00511695906432752,-0.004155709230219684,-0.008951600667577053
2025-07-16,0.004915212582944362,-0.00039463299131814455,0.0011865211200758896,0.0,0.004988100283636943,0.010333741579914513
2025-07-17,0.010271460014673606,0.010593499144624374,0.0066366437544442825,0.0007347538574578039,-0.0021734899111141015,0.0078036214864762865
2025-07-18,-0.0036310820624547713,-0.0019532521648545353,-0.0037673651989639234,0.0007342143906021725,0.0026008647875419566,-0.0015787099684259065
2025-07-21,-0.0004859086491738607,-0.0013699523778457623,0.0028362089340581154,0.00440205429200291,0.015370148188981414,0.006023642797982065
2025-07-22,0.001701507049100659,-0.005095374967337363,0.0002356823002591657,-0.0007304601899196239,0.009484878484974368,-0.003442856073647249
2025-07-23,0.001213297743266173,0.006500328299408942,0.021913289349670073,-0.00511695906432752,-0.012401138880101303,0.007960946301164062
2025-07-24,-0.0009694619486184664,0.005479809511383715,-0.0032280378141572585,0.0022042615723734116,-0.006118265103466025,-0.01631771104984725
2025-07-25,0.005094614264919972,0.008564199052747634,0.00346981263011803,0.0029325513196480912,-0.009250008057498316,0.0002272382972277054
2025-07-28,-0.0033791938209027927,0.0011579285944034456,-0.013831258644536715,-0.0014619883040934978,-0.0064736499674689085,-0.01211662249148071
2025-07-29,0.0036328408815693436,-0.0007068046006553086,0.0007012622720898865,0.004392386530014614,0.002750401100160449,-0.005749329244921442
2025-07-30,-0.0050675675675675436,0.004629629629629539,-0.003036673674375212,-0.0036443148688046767,-0.017273469387755203,-0.002390131071703938
2025-07-31,-0.0031530439000726496,-0.0032002048131080096,-0.006560449859418949,0.001463057790782596,0.006645401382243454,-0.007187572455367275
2025-08-01,-0.011192214111922172,-0.019904969821497476,-0.007075471698113178,0.0051132213294375894,0.02029970953261162,0.0011676786548342477
2025-08-05,0.021653543307086576,0.008320230607966606,0.011401425178147129,0.0,0.006631943321147915,0.016483943705776882
2025-08-06,0.015655105973024996,0.004937950750438569,0.004462188821042767,0.0,-0.0021210952564597596,0.011321043371835149
2025-08-07,-0.008062603746739505,-0.0005818840111202483,0.008650923544540445,0.0007267441860465684,0.008438003220611945,0.0017396566069132202
2025-08-08,-0.000717188620607212,0.008862724802690902,0.006722299490032446,0.000726216412490821,-0.00022355646397542728,0.001208094231349932
2025-08-11,0.001913875598086312,-0.0006412311638345214,-0.0023025558369790255,-0.0014513788098693414,-0.014374700527072348,0.006259426847662342
2025-08-12,0.003104106972301679,0.011164581328200196,0.01107777521347808,-0.0029069767441859407,-0.0009074704261871069,0.010267556021884117
2025-08-13,0.0021423470602237593,0.0020305856970619374,0.004336909381419618,0.002915451895043608,0.003049274986213435,0.008234421364984978
2025-08-14,-0.002612826603325402,0.004749540877715175,0.0036363636363636598,-0.0021802325581394832,-0.006338734193590101,0.005003311014642131
2025-08-15,-0.00047630388187669404,-0.0036556157821756585,0.005208333333333481,-0.002184996358339464,0.0005858421480879894,-0.0011713888278790385
2025-08-18,0.0,-0.00012651821862352808,-0.00135165577832852,-0.0021897810218978186,-0.0015613310347071252,-0.00021989298541380542
2025-08-19,-0.0011913271384321744,-0.002087814753890971,0.0038348748026166835,0.002926115581565636,-0.005473204104903151,-0.0005865102639297515
2025-08-20,0.002624045801526753,-0.0013313890826094354,0.0040449438202248,0.0007293946024800047,0.010122186916500242,0.0012470657276997255
2025-08-21,0.0049964311206280865,-0.0021584560690706134,-0.003581020590868289,-0.00291545189504383,-0.0034699701647424863,-0.0021246977800573053
2025-08-22,0.009232954545454586,0.00973406285786993,0.00943396226415083,0.0029239766081872176,0.010706498747111715,0.012334801762114544
2025-08-25,-0.006568144499178974,6.300800201630707e-05,-0.01001335113484636,-0.0021865889212828726,-0.0024148367570352436,-0.011966927763272461
2025-08-26,0.0009445100354190661,0.0008820564516129892,-0.002472465722634265,0.0007304601899196239,0.007262046928961041,0.010643764222271201
2025-08-27,0.0037744751120547537,-0.00012589701624077243,-0.00585849481748546,0.0007299270072993469,0.002018713150474305,0.05505520046484591
2025-08-28,-0.00047003525264388557,0.00018886930244277345,0.0015865820489573412,-0.002188183807439903,0.007419014422308079,0.004061682500344332
2025-08-29,0.005643075476134518,-0.00950462642412031,-0.008372935053179376,0.004385964912280826,0.009649874615116127,-0.0033596160438805756
2025-09-02,0.0004676174888940121,-0.0020335536349772587,-0.005020538566864463,-0.004366812227074246,0.023642594397459638,-0.004196477710511903
2025-09-03,0.004907688712316061,0.005412633723892002,0.0018348623853210455,0.0029239766081872176,0.007831935870266316,0.006148531951640557
2025-09-04,0.006046511627906925,0.009943631642282735,0.009157509157509125,0.0036443148688045657,-0.0044188456146766475,0.0011672617412799013
2025-09-05,0.003236245954692629,-0.0008779631255487752,0.007032667876588183,0.004357298474945592,0.013345985490832435,-0.009052877031753614
2025-09-08,-0.0006912442396314056,-0.00012553351744903907,0.0067582788916422665,0.005784526391901634,0.011388007853798454,0.0008305073015433262
2025-09-09,0.0011528706479133621,0.007156308851224091,0.0008950548221078325,-0.0014378145219265948,-0.0022698763514723552,-0.0042873936795518874
2025-09-10,0.0025333947489636355,0.001433557716280065,0.00022356360384545582,0.0028797696184303945,0.003592169071424234,0.0010417390096533197
2025-09-11,0.008040431886055632,0.007530964087882008,0.008046490835941,0.002871500358937684,-0.001491379824613781,0.006868322464270937
2025-09-12,-0.0047857793983592245,0.0012972572275760097,-0.0031042128603104846,-0.0014316392269149159,0.001971561715856218,-0.006821470405843133
2025-09-15,0.005495763682161536,-0.0020359059781603905,0.000889679715302405,0.0014336917562725038,0.01040486554170883,0.008672124323574337
2025-09-16,-0.00296060122978814,-0.001112759643916772,-0.002888888888888941,0.0,0.0020064323861790356,0.004470733888162881
2025-09-17,0.000913659205116435,-0.0007426661715559391,-0.0031201248049922414,-0.0007158196134573469,-0.007715185959539239,0.0020542317173377622
2025-09-18,0.004792332268370725,0.007617985878855427,0.005589090096132399,0.0,-0.004006291361248859,-0.0012300123001230956
2025-09-19,0.010901657960481481,0.003995328538939136,-0.005335704757669979,0.0007163323782235498,0.010607234372206564,0.007525998905309139
2025-09-22,0.0042687036620985275,0.007407860903636543,0.00603486812695575,-0.0007158196134573469,0.01730644495548095,0.00909955181311961
2025-09-23,-0.004697986577181235,-0.004740200546946238,-0.00044434570095530646,0.0,0.00408636429502951,-0.0037012113055180373
2025-09-24,-0.0011238480557429487,0.0014044086218476526,-0.0013336296954878923,-0.0007163323782236608,-0.009063095306817481,-0.00520094562647766
2025-09-25,-0.0020252025202519564,-0.0017073170731707332,-0.004228800356109508,-0.0007168458781361409,0.004165210299429178,-0.0071292775665400265
2025-09-26,-0.00022547914317916362,0.004764231614952319,0.006481895395619164,0.0,0.005772298767222628,-0.0008206250427407191
2025-09-29,0.007668019846639451,-0.0010334346504558,0.002220741727737119,0.0,0.01649651035357902,0.0058175347341045125
2025-09-30,0.002014324082363572,0.004320574453842818,0.003988477730999307,0.0014347202295552641,0.008539976167508456,0.0024496461622209864
2025-10-01,0.0022336385972747674,0.005695588948133823,0.009710880600309002,-0.0021489971346705383,0.001575379075589911,-0.0008145533532446514
2025-10-02,0.0013371963449966273,0.0012049644535487847,0.0030601092896174187,0.00071787508973431,-0.0034828525686035894,-0.005298913043478293
2025-10-03,0.012463832628533345,0.00048140570465760035,0.008062758770974066,-0.0007173601147776321,0.00803292088277563,0.003688020762190991
2025-10-06,0.0008793141349747735,0.003187778178756151,0.0017293558149591437,-0.001435750179468731,0.01884576669276372,0.00047632008709852514
2025-10-07,-0.005710520535910368,-0.004196894298219234,-0.00884764782045755,0.0007189072609632419,0.005159448926944421,-0.007889546351084742
2025-10-08,0.0015462778882262551,0.006502498645312604,0.003265839320705455,0.0,0.016491017310107603,-0.005689997943374325
2025-10-09,-0.005734450816056613,0.0017347610217144371,-0.0032552083333332593,-0.0007183908045976795,-0.018452860596293363,0.0015168229453943471
2025-10-10,-0.014418811002661958,-0.02830526692941604,-0.020248203788373553,0.0028756290438531895,0.010097693128642948,-0.01115241635687736
2025-10-14,0.015530047265361224,0.01745329400196649,0.015555555555555545,0.0014336917562725038,0.03161573472041623,0.01253132832080217
2025-10-15,0.008200354609929184,0.003020053152935409,0.004814004376367587,0.0021474588403722628,0.017332387930355297,0.00921342134213421
2025-10-16,-0.007034513079797744,-0.0049379742261832504,0.0050087108013936454,0.0028571428571428914,0.02338728413226976,-0.010014988418040605
2025-10-17,-0.008191277396502161,0.0025417574437180956,-0.0013001083423617166,-0.0007122507122506727,-0.01881700088283511,0.0033032826371206525
2025-10-20,0.010267857142857162,0.012555837257032465,0.009546539379474916,0.0028510334996436626,0.036401964060772674,0.007888058165855139
2025-10-21,-0.013698630136986245,-0.0011327053773697582,-0.008381689232753065,-0.001421464108031234,-0.06426888254991936,-0.0023138696066421494
2025-10-22,0.0033602150537634934,-0.007818561623396003,-0.0030342436064152434,0.000711743772241924,0.00010603329445446619,0.0013642564802183177
2025-10-23,0.005358338914936311,0.005714629451395448,0.0047826086956521685,-0.0014224751066856944,0.004002332485157023,0.004564032697547571
2025-10-24,0.005551854319342686,0.008852204079191184,0.0030289917784509512,-0.0007122507122506727,-0.003352781224425283,0.0021021224655861648
2025-10-27,-0.00022084805653710404,0.01209462263591643,0.006686798964624652,0.004276550249465494,-0.02783958465776648,0.003045066991473666
2025-10-28,0.004197039982328121,-0.0012887352820573073,-0.005142489822155594,0.0014194464158978626,-0.007166017274733649,0.005531943601160494
2025-10-29,-0.010998680158381013,5.8654466537522154e-05,-0.00538444970923968,-0.005669737774627981,-0.0037872550633953894,-0.01583361288158347
2025-10-30,0.0011120996441280617,-0.0066275659824046596,-0.0010827197921177145,-0.0028510334996435516,0.019641873278236854,-0.005385506851182664
2025-10-31,0.002888247056209714,0.005609021668536274,0.0,0.0014295925661185205,-0.005430524410342308,0.004112405757368043
2025-11-03,0.0011076650420911438,0.002994363550963053,0.0019510080208107183,-0.0021413276231262435,0.0017928936216449198,0.006211604095563095
2025-11-04,-0.014826289001991455,-0.008839196862377885,-0.006707053223712678,0.0,-0.017517218938120194,-0.011125432467268048
2025-11-05,0.010557053009883077,0.005197259626742223,0.0060988891309083915,0.0007153075822603494,0.011564362994038513,-0.0007546134321191333
2025-11-06,-0.008001778172927354,-0.01075205640423027,-0.0015154795410261546,0.0035739814152966343,-0.001200512946440746,-0.0017163256899629387
2025-11-07,0.0008962581223392885,-0.005167191304864316,-0.0023850823937554555,-0.0035612535612534746,0.0061190482694566395,0.00034385530568736833
2025-11-10,0.012536377882247596,0.01456716417910453,0.009345794392523255,0.0007147962830593713,0.02734109853112865,0.009830881341949427
2025-11-11,0.004421843908910095,0.0027656820054136055,0.006459948320413522,0.0014285714285713347,0.003937840266398984,0.0056504867587992
2025-11-12,0.012326656394453073,-0.0015844140602078172,0.004706889174154849,-0.0014265335235377208,0.016110774738726352,0.008461955050094838
2025-11-13,-0.01717764731463356,-0.014047255201598552,-0.007453151618398657,-0.0007142857142856673,-0.00808311096142389,-0.014768074108880924
2025-11-14,0.002433628318583958,-0.0005365126676601939,-0.0034327397554172467,-0.0035739814152967453,-0.018047901376446407,-0.0014308101110581672
2025-11-17,-0.008165967777532646,-0.007276631277585599,-0.010548977395048453,0.0,-0.011463985530375531,0.003889192139737929
2025-11-18,-0.0015576323987539498,-0.012617159336697825,-0.01653611836379454,-0.001434720229555153,0.007264899771290301,0.013457486576497146
2025-11-19,0.00044573211499887577,0.009005719849093374,0.001769911504424737,0.0,0.0016294911179377536,-0.005633424988263691
2025-11-20,-0.008687903764758365,-0.012483415752020277,-0.01148409893992941,0.001436781609195359,-0.00029336462555995535,-0.006204896472651322
2025-11-21,0.008089887640449378,0.008671755725190744,0.014298480786416379,0.002152080344332896,-0.001547285580899116,0.017916525279945805
2025-11-24,0.01136870263040568,0.01701277471695839,0.0035242290748900285,0.0014316392269146938,0.015844176663905696,-0.0018667911194080178
2025-11-25,0.010800088163985144,0.008810572687224738,0.01097453906935919,0.002859185132237263,-0.00031562335612833614,0.016765747111081364
2025-11-26,0.007631923244657779,0.0031865927062433297,0.006296135475466702,-0.002138275124732636,0.007998316143969841,0.006372355800814633
2025-11-28,0.004544470893745878,0.0005882352941175562,-0.00021574973031279754,0.0007142857142856673,0.012424305700563743,0.005875057118610805
2025-12-01,-0.00926324859974148,-0.004174015285126398,-0.002157962883038489,-0.0064239828693789525,0.004821078684129176,-0.0077876565643456575
2025-12-02,0.0,0.00141684869236669,0.0010813148788926252,0.0,-0.006440025657472703,0.010072601216561061
2025-12-03,0.003696455751250216,0.0009432293815951898,0.0030244113199395795,0.0007183908045977905,-0.0009296560272699095,0.014569707958298261
2025-12-04,0.010831889081455826,0.0010012368219565193,0.001938401895326347,-0.002871500358937462,0.0006461952026468598,0.02476384988511615
2025-12-05,-0.005786540934419104,-0.006942810072958383,-0.008598452278590019,-0.010079193664506825,-0.0017823470152145138,0.01195814648729443
2025-12-08,-0.005389092476826951,-0.0015404668799620103,-0.0006504770164785789,0.0007272727272726875,-0.0026394783148742107,0.005600689315607976
2025-12-09,0.0015171218032077327,-0.00106812247804422,-0.0015187676285528529,-0.0021802325581394832,0.005137252867002173,-0.0011628618642511857
2025-12-10,0.007790521532135886,0.0024355471070451884,0.006736201651455831,0.0029133284777858037,0.004259163655136788,0.011887254901960853
2025-12-11,0.004724071290530318,0.000592592592592478,0.004316857327865353,0.000726216412490821,0.010769823930086186,0.011384280004844483
2025-12-12,-0.002350929685830283,-0.010838021912940365,-0.005802707930367523,-0.0007256894049346707,0.00559454785881397,-0.0069452760148485115
2025-12-15,-0.0006426735218508783,-0.0007783498982159021,0.006052745352356226,0.002178649237472907,0.0009103783127655252,0.007415892921741163
2025-12-16,-0.007288317256162857,-0.0037749415782850626,-0.0058014611087235934,0.0007246376811593791,0.00022738756947937588,-0.004309055000299211
2025-12-17,0.0,-0.008901720197281304,-0.005403068943159672,-0.0014482259232441175,0.008588244209250195,-0.006491554967842816
2025-12-18,0.007341826819261321,0.008981672533074248,0.006953498478922127,0.0,-0.001803200681209205,0.011192449633976587
2025-12-19,0.008574490889603492,0.008059665584025044,0.006905481225722765,-0.0014503263234227903,0.0011290363047895546,0.009572813210482423
2025-12-22,0.005100956429330505,0.0028639618138426304,0.0,0.000726216412490821,0.02308154979700272,0.006459642052862424
2025-12-23,0.0019031507718334506,0.0,0.0019288469781397755,0.0036284470246734646,0.013252333243514602,0.006359300476947549
2025-12-24,0.00021105951878430673,0.002498810090433068,0.0,0.000723065798987621,-0.004134029590948551,0.0016967994851091461
2025-12-29,-0.002743194766828494,-0.0027893175074183985,0.0010695187165774556,0.0014450867052022698,-0.032359866967688666,0.003154205607476701
2025-12-30,-0.0008463817181548761,-0.0026185800154734373,-0.008333333333333304,-0.005050505050505083,0.0007275464124434361,-0.0008734132991732313
2025-12-31,-0.004870817450232878,-0.005250909958828043,-0.0017237664296487765,-0.0007251631617113397,-0.006467948557246306,-0.0064106299900926755
2026-01-02,0.005533092147265384,0.0010197348689340302,0.009928771854090135,-0.004354136429608024,0.004970856147964886,0.001700979529591029
2026-01-05,0.00973544973544982,0.009467881112176446,0.013678136353921788,0.005102040816326481,0.026313146530079434,0.013643283756880287
2026-01-06,0.004611192622091753,0.010091416359966798,0.005060088551549713,-0.0007251631617113397,0.010813191114590559,-0.015539252498411593
2026-01-07,-0.00918005424577506,-0.0002938410907380451,0.0012586532410319151,0.002902757619738905,-0.009559998063797814,-0.007393498415678823
2026-01-08,0.009475679090334754,0.00029392745870304715,0.00041902367483759306,-0.0007235890014472002,0.00552256677174201,0.0023055095767321454
2026-01-09,0.0054234459741344665,0.010578279266572732,0.012774869109947629,0.0021723388848660097,0.007241974288561215,-0.002123267472721957
2026-01-12,0.006224066390041472,-0.0010467550593161734,0.003722084367245637,-0.0014450867052022698,0.01872270610659399,0.002718836810686298
2026-01-13,-0.00020618556701024193,-0.0033764116893701956,-0.005768438401318576,0.0,-0.001421026454775931,-0.004185086943707672
2026-01-14,0.0006186842647968316,-0.003621495327102653,0.003729796933278129,0.0021707670043413785,0.010222232763323236,-0.0020125488339055586
2026-01-15,0.00350370981038739,0.0033415406260992597,0.0008257638315440907,0.0021660649819494893,-0.006127623608959021,0.004329774614472148
2026-01-16,-0.0008215239268843932,0.0014022787028920014,0.004537953795379579,-0.0014409221902018654,-0.0048189355821698365,-0.0008858442095317498
2026-01-20,-0.014388489208633004,-0.027831262033957582,-0.020123203285421054,-0.0028860028860028253,0.037836169859241764,-0.010284903652914124
2026-01-21,0.00375391032325334,0.012663545792821918,0.010058675607711676,0.0007235890014472002,0.014568991148823374,0.0033444816053511683
2026-01-22,0.0024932474548098327,0.0018965210691639367,0.0014522821576763434,0.000723065798987621,0.018462578899909765,0.00511904761904769
2026-01-23,0.0026943005181347957,-0.006270334220644824,-0.0010358400662938694,0.0007225433526012459,0.013745324155027827,0.005092976430178808
2026-01-26,-0.0008267879288962332,0.006607536162866801,0.006636250518457176,0.0036101083032491488,0.014628820960698619,-0.014140938015555049
2026-01-27,-0.0018618121638395158,-0.00549970431697222,0.005562422744128659,-0.0028776978417266452,0.02453195610071024,0.009084389194358167
2026-01-28,0.0010362694300518616,-0.0011892727597073716,-0.011473058799426394,0.0,0.038773366939718557,-0.013385453683961046
2026-01-29,-0.0010351966873705098,-0.00702506399952374,0.0014507772020726506,-0.0028860028860028253,0.002709479132966708,0.013206867571136982
2026-01-30,-0.02797927461139904,0.005156184423526611,-0.0006208609271523002,0.0007235890014472002,-0.10274248840492028,-0.015108425168858908
2026-02-02,0.009168443496801792,0.009603340292275497,0.009732863946986914,-0.000723065798987732,-0.04004944375772557,0.01431751188112873
2026-02-03,0.0016902598774561906,-0.011107172397494924,-0.001640689089417502,0.0,0.0635871982768712,0.01156515034695449
2026-02-04,0.0054840750896436585,-0.002569004660055052,0.00431388660640919,0.0,-0.000704395870479213,-0.0031660412757973377
2026-02-05,-0.012166981329976845,-0.011979634621144042,-0.01063612190632035,0.0014471780028944004,-0.026631715752142293,-0.006940359957652076
2026-02-06,0.012104480781482074,0.01867232494695359,0.01881331403762676,0.0007225433526012459,0.030732325518240122,0.009239516702203243
